<?xml version="1.0" encoding="UTF-8"?>
<beans xmlns="http://www.springframework.org/schema/beans"
	xmlns:xsi="http://www.w3.org/2001/XMLSchema-instance" xmlns:context="http://www.springframework.org/schema/context"
	xmlns:mvc="http://www.springframework.org/schema/mvc" xmlns:p="http://www.springframework.org/schema/p"
	xsi:schemaLocation="http://www.springframework.org/schema/mvc http://www.springframework.org/schema/mvc/spring-mvc-3.2.xsd
		http://www.springframework.org/schema/beans http://www.springframework.org/schema/beans/spring-beans.xsd
		http://www.springframework.org/schema/context http://www.springframework.org/schema/context/spring-context-3.2.xsd">
	<mvc:annotation-driven />
	<context:component-scan base-package="com.cg.banking.controller" />

	<bean
		class="org.springframework.web.servlet.view.InternalResourceViewResolver">
		<!-- <property name="viewClass"> <value>org.springframework.web.servlet.view.JstlView</value></property> -->
		<property name="prefix" value="/" />
		<property name="suffix" value=".jsp" />
	</bean>
</beans>
